Hunt,Rockwell,5609701912,hrockwell0@imageshack.us,10/10/2022,16,1,10,Male
Abran,Wren,8774262153,awren1@yale.edu,12/15/2021,69,2,8,Male
Theo,Fidelus,1344659567,tfidelus2@mac.com,2/12/2020,49,3,7,Female
Osgood,Scranney,4093408326,oscranney3@4shared.com,12/8/2022,63,4,2,Male
Donovan,Lampen,6364890744,dlampen4@who.int,8/22/2022,70,5,8,Male
Almeda,Scrowson,5105878659,ascrowson5@people.com.cn,2/12/2020,48,6,2,Female
Georgianna,Westberg,1014706782,gwestberg6@com.com,9/1/2020,13,7,1,Female
Clarabelle,Garett,6976046844,cgarett7@nyu.edu,5/25/2021,34,8,10,Female
Irvine,Cowern,5705582971,icowern8@webeden.co.uk,12/18/2022,71,9,2,Male
Waneta,Sievewright,2938152884,wsievewright9@yellowpages.com,5/7/2021,34,10,2,Female
Roseanna,Insull,1996053720,rinsulla@dmoz.org,4/3/2020,65,11,10,Female
Jere,Haresign,5733903976,jharesignb@vinaora.com,11/15/2021,56,12,5,Male
Aharon,Latham,7402053789,alathamc@delicious.com,12/24/2020,36,13,10,Male
Evelyn,Mengo,8966046944,emengod@skyrock.com,1/16/2021,14,14,5,Female
Rikki,Hanshawe,1812466049,rhanshawee@hc360.com,8/29/2020,39,15,4,Male
Donna,Petasch,2104137631,dpetaschf@acquirethisname.com,11/30/2021,75,16,9,Female
Jackelyn,Pettingall,5195032753,jpettingallg@bbc.co.uk,11/13/2022,23,17,6,Female
Durant,De Gregoli,6317317516,ddegregolih@surveymonkey.com,10/16/2021,12,18,8,Male
Dulcea,Songer,8622556577,dsongeri@psu.edu,11/17/2021,26,19,1,Female
Kelila,Garfield,9859705624,kgarfieldj@vistaprint.com,2/4/2020,21,20,1,Female
Monro,Leyson,4155343581,mleysonk@google.ca,6/18/2021,59,21,7,Male
Ronny,Reveley,6388473222,rreveleyl@about.me,3/28/2021,71,22,8,Male
Hally,Kindleside,4902225157,hkindlesidem@tinyurl.com,6/18/2022,66,23,1,Female
Alfredo,Balogh,6158739779,abaloghn@google.co.uk,9/19/2022,52,24,9,Male
Lani,Wais,1617427933,lwaiso@washingtonpost.com,7/21/2020,26,25,6,Female
Constance,Butters,9889853326,cbuttersp@vkontakte.ru,10/5/2020,56,26,10,Female
Dode,Soltan,1345479039,dsoltanq@usda.gov,2/24/2021,23,27,10,Female
Rogers,Snook,1778228960,rsnookr@bbb.org,10/17/2022,25,28,2,Male
Karil,McGettrick,6817692794,kmcgettricks@altervista.org,5/1/2021,62,29,3,Female
Teressa,Dellenty,2012224094,tdellentyt@spotify.com,2/22/2022,44,30,5,Female
Udale,Van Vuuren,7539944353,uvanvuurenu@addthis.com,1/10/2020,66,31,6,Male
Haskell,Exall,8454828082,hexallv@foxnews.com,1/25/2021,14,32,5,Male
Allyson,Lamburne,2395334882,alamburnew@skype.com,11/7/2022,72,33,6,Female
Patton,Howland,1207291308,phowlandx@posterous.com,11/1/2022,18,34,7,Male
Reube,Grave,2877108566,rgravey@jimdo.com,12/4/2022,63,35,4,Male
Cahra,Farnworth,5818283984,cfarnworthz@prweb.com,8/30/2022,14,36,7,Female
Danika,Caban,8367803819,dcaban10@blogtalkradio.com,11/19/2020,26,37,9,Female
Corty,Brimilcome,8547014606,cbrimilcome11@rakuten.co.jp,1/7/2020,12,38,3,Male
Gayle,Mccaull,6562691062,gmccaull12@ask.com,12/19/2021,15,39,10,Female
Arnaldo,Swaite,4418567625,aswaite13@go.com,5/2/2022,51,40,10,Male
Avis,Epinoy,6226181860,aepinoy14@fc2.com,3/9/2022,46,41,9,Female
Vincent,Ankrett,1517732515,vankrett15@toplist.cz,7/10/2022,39,42,9,Male
Aluino,Elion,3147963753,aelion16@google.pl,8/18/2020,23,43,10,Male
Chiquita,Molnar,5662557865,cmolnar17@privacy.gov.au,9/12/2020,59,44,8,Female
Renaud,Beattie,2205212522,rbeattie18@php.net,5/5/2021,50,45,9,Male
Georgeta,Duncan,4819403435,gduncan19@joomla.org,5/7/2022,46,46,9,Female
Nichols,Tutchener,7943377542,ntutchener1a@shinystat.com,12/13/2020,14,47,8,Male
Andris,Philpin,3172775246,aphilpin1b@sohu.com,9/21/2022,46,48,5,Male
Mireielle,Rizziello,9433588659,mrizziello1c@army.mil,11/11/2020,31,49,6,Female
Helena,Donisthorpe,2631287949,hdonisthorpe1d@wunderground.com,6/21/2021,56,50,1,Female
Odelia,de Merida,5681846358,odemerida1e@imageshack.us,12/18/2022,22,51,9,Female
Johnathon,Vassel,1669730658,jvassel1f@blogger.com,12/3/2020,63,52,5,Male
Feodora,Wilton,6359676540,fwilton1g@jugem.jp,4/16/2021,47,53,5,Female
Harrison,MacConchie,5615342486,hmacconchie1h@auda.org.au,1/13/2022,32,54,9,Male
Carleton,Chatwin,9262976843,cchatwin1i@gnu.org,3/11/2020,77,55,7,Male
Leonanie,Tersay,2885879905,ltersay1j@vinaora.com,2/25/2022,42,56,6,Female
Levin,Doornbos,8594548346,ldoornbos1k@yahoo.com,10/17/2021,37,57,1,Male
Allistir,Petts,5835275381,apetts1l@nhs.uk,5/1/2021,65,58,9,Male
Filberte,Mugglestone,5564924689,fmugglestone1m@sciencedaily.com,11/24/2022,40,59,8,Male
Kelcy,St. Hill,9534140069,ksthill1n@topsy.com,10/23/2021,32,60,7,Female
Ursuline,Camelia,9993831350,ucamelia1o@usda.gov,11/2/2020,30,61,5,Female
Brantley,Vido,2751007451,bvido1p@boston.com,4/1/2021,33,62,9,Male
Ulrikaumeko,Theze,4553942079,utheze1q@g.co,11/14/2020,40,63,1,Female
Wally,Westrope,3563821629,wwestrope1r@vistaprint.com,4/3/2022,42,64,1,Male
Hymie,Coalburn,7874325380,hcoalburn1s@homestead.com,11/28/2021,24,65,9,Male
Florinda,Ballentime,9865187136,fballentime1t@odnoklassniki.ru,6/28/2022,46,66,5,Female
Hi,Bourdon,8841667377,hbourdon1u@cbc.ca,10/5/2020,59,67,6,Male
Obediah,Durham,3007682352,odurham1v@patch.com,4/8/2020,68,68,10,Male
Farrah,McIndrew,4112927004,fmcindrew1w@wiley.com,4/18/2021,13,69,2,Female
Holly-anne,Barkaway,6866734202,hbarkaway1x@about.me,1/13/2022,76,70,1,Female
Chad,Maciaszek,6485640647,cmaciaszek1y@ucoz.ru,5/27/2022,37,71,9,Male
Arabele,Perdue,9305413546,aperdue1z@networkadvertising.org,8/11/2021,34,72,6,Female
Devan,Aldous,9914593491,daldous20@moonfruit.com,11/28/2022,21,73,6,Female
Daryle,Damrell,6471734733,ddamrell21@posterous.com,1/20/2022,38,74,1,Male
Andres,Decourt,2422600675,adecourt22@edublogs.org,9/28/2022,44,75,2,Male
Brita,Jime,5717982711,bjime23@yale.edu,9/25/2021,41,76,10,Female
Cinda,Basson,7194743691,cbasson24@zimbio.com,2/7/2022,71,77,6,Female
Cyndia,Mandry,3247230398,cmandry25@eventbrite.com,9/6/2022,29,78,1,Female
Neron,Blasl,4066012615,nblasl26@addtoany.com,1/18/2021,76,79,6,Male
Garrick,Hagwood,3448657641,ghagwood27@cbslocal.com,2/17/2021,32,80,5,Male
Asher,Heselwood,2307354220,aheselwood28@etsy.com,12/14/2021,33,81,8,Male
Brita,Smale,4168476970,bsmale29@wix.com,2/10/2022,74,82,4,Female
Paige,Bainbrigge,2052905299,pbainbrigge2a@shop-pro.jp,6/17/2020,46,83,9,Male
Ritchie,Labusch,1082025087,rlabusch2b@topsy.com,10/23/2022,56,84,9,Male
Josi,Brugman,9019640050,jbrugman2c@cbsnews.com,10/1/2022,27,85,8,Female
Maddie,Jeffrey,5572652156,mjeffrey2d@free.fr,5/8/2022,27,86,3,Female
Lisa,Vyvyan,3011047291,lvyvyan2e@sbwire.com,3/6/2020,53,87,2,Female
Nita,Orrey,3749727047,norrey2f@businessinsider.com,8/12/2021,50,88,7,Female
Decca,Thorneywork,9816963711,dthorneywork2g@icq.com,7/23/2021,17,89,3,Male
Jaimie,Dorrell,4645607713,jdorrell2h@soundcloud.com,10/6/2022,29,90,9,Male
Early,Quixley,3755535474,equixley2i@theatlantic.com,9/12/2021,15,91,6,Male
Nobie,Joret,1883884954,njoret2j@springer.com,9/30/2021,14,92,10,Male
Nata,Sanja,6039890167,nsanja2k@berkeley.edu,3/31/2020,32,93,2,Female
Merrill,Furmedge,5996867481,mfurmedge2l@taobao.com,9/11/2022,47,94,2,Female
D'arcy,Steadman,2326746111,dsteadman2m@hatena.ne.jp,4/14/2022,49,95,4,Male
Lynea,Carville,4012537756,lcarville2n@google.fr,11/3/2020,18,96,8,Female
Xenia,Hanbury,5529598686,xhanbury2o@thetimes.co.uk,12/28/2022,71,97,6,Female
Nathalia,Cressy,9638161760,ncressy2p@prweb.com,4/29/2021,42,98,5,Female
Jaymee,Hubbock,9274415350,jhubbock2q@parallels.com,1/1/2021,14,99,3,Female
Karel,Gonsalo,7489551936,kgonsalo2r@nydailynews.com,11/28/2020,65,100,10,Male
Archibold,Gravenell,7067884005,agravenell2s@wired.com,8/30/2022,66,101,2,Male
Eugine,Erley,5646191190,eerley2t@stumbleupon.com,8/30/2021,31,102,1,Female
Lotte,Brandli,1966814474,lbrandli2u@fotki.com,10/14/2022,51,103,9,Female
Ealasaid,Blowfield,3134655843,eblowfield2v@ask.com,7/24/2022,45,104,7,Female
Riobard,Avramow,5042655430,ravramow2w@cocolog-nifty.com,10/27/2020,44,105,3,Male
Joey,Withers,5899791303,jwithers2x@npr.org,11/15/2022,73,106,7,Female
Chilton,Giampietro,1813804957,cgiampietro2y@pbs.org,4/8/2022,17,107,6,Male
Mercie,Purviss,4128112289,mpurviss2z@amazon.com,8/2/2020,12,108,2,Female
Ethyl,Chanders,7565402821,echanders30@free.fr,2/24/2020,77,109,2,Female
Corissa,Stiffkins,6081919849,cstiffkins31@disqus.com,3/9/2021,52,110,1,Female
Noak,Bettington,1539691884,nbettington32@ted.com,5/16/2021,64,111,8,Male
Brennan,Earley,6688720009,bearley33@360.cn,4/10/2021,73,112,1,Male
Horten,Talmadge,2912819171,htalmadge34@paypal.com,3/10/2021,75,113,4,Male
Davin,Barnhart,9562468574,dbarnhart35@bbb.org,2/14/2022,23,114,10,Male
Daisie,Godmer,9917167239,dgodmer36@imdb.com,4/13/2021,72,115,8,Female
Kaleena,Venour,9131435714,kvenour37@yale.edu,10/6/2020,76,116,8,Female
Sandro,Roo,2851782185,sroo38@amazon.co.uk,5/18/2020,62,117,1,Male
Tymon,Creggan,2544512709,tcreggan39@japanpost.jp,1/1/2021,62,118,1,Male
Libby,Chidgey,4499106875,lchidgey3a@cloudflare.com,1/2/2021,25,119,5,Female
Suzi,Bonnette,6634256837,sbonnette3b@ifeng.com,7/11/2020,34,120,4,Female
Hobie,Antushev,1299810681,hantushev3c@vimeo.com,12/12/2020,41,121,9,Male
Hazlett,Hasnip,4832409756,hhasnip3d@hc360.com,4/14/2020,26,122,6,Male
Ave,Klimsch,8667115248,aklimsch3e@youku.com,7/14/2022,22,123,3,Male
Thorstein,Lanfer,8092482044,tlanfer3f@booking.com,5/1/2020,24,124,2,Male
Adrien,Jerok,6565489248,ajerok3g@slideshare.net,12/15/2021,69,125,5,Male
Jeremiah,Werlock,3719085613,jwerlock3h@sogou.com,6/13/2021,56,126,7,Male
Emanuel,McKue,2863310212,emckue3i@pinterest.com,1/29/2021,19,127,1,Male
Urbano,Dymoke,7625554209,udymoke3j@cnet.com,6/16/2022,77,128,8,Male
Stanfield,Kienle,5108497018,skienle3k@networkadvertising.org,4/13/2022,14,129,4,Male
Rab,Linch,1025084727,rlinch3l@oaic.gov.au,1/5/2021,33,130,9,Male
Kelly,Leather,8476581235,kleather3m@msn.com,9/12/2022,48,131,6,Male
Masha,Nevet,1142530807,mnevet3n@lulu.com,4/22/2020,53,132,8,Female
Fayina,Larrington,9747081597,flarrington3o@wix.com,6/25/2022,43,133,2,Female
Mariam,Colaton,9371186970,mcolaton3p@va.gov,8/1/2021,17,134,2,Female
Steffen,Legerton,2981512352,slegerton3q@phoca.cz,2/27/2022,25,135,4,Male
Wilmer,Runcie,7785368160,wruncie3r@discuz.net,7/14/2022,62,136,6,Male
Addy,Dimitriev,6814596491,adimitriev3s@behance.net,6/4/2020,45,137,8,Female
Rochette,Hugnet,7452054142,rhugnet3t@cmu.edu,1/21/2020,19,138,6,Female
Adolphe,Mompesson,2075721691,amompesson3u@comcast.net,12/5/2021,38,139,8,Male
Dasi,Fison,2949425852,dfison3v@zimbio.com,3/19/2021,52,140,5,Female
Artur,Dunkinson,2712163619,adunkinson3w@example.com,2/21/2021,67,141,5,Male
Demeter,Stopforth,3694568694,dstopforth3x@answers.com,8/25/2020,44,142,9,Female
Emmanuel,Doles,4861952934,edoles3y@alexa.com,9/17/2022,58,143,1,Male
Fonsie,Cluley,6171640801,fcluley3z@psu.edu,8/28/2022,70,144,3,Male
Gretta,Maillard,7636613973,gmaillard40@tuttocitta.it,10/13/2020,77,145,10,Female
Codee,Gartenfeld,9643251305,cgartenfeld41@geocities.com,7/3/2020,40,146,8,Female
Price,Stallon,5752456506,pstallon42@nasa.gov,5/27/2022,68,147,4,Male
Allsun,Halson,6791187402,ahalson43@soup.io,7/21/2021,24,148,6,Female
Ryon,Rosingdall,6151353251,rrosingdall44@omniture.com,11/9/2020,26,149,2,Male
Lyssa,Tyer,3678834862,ltyer45@behance.net,7/28/2021,33,150,7,Female
Ingelbert,Readshall,6994351541,ireadshall46@timesonline.co.uk,1/31/2020,13,151,10,Male
Ferdinande,Macilhench,2067723175,fmacilhench47@wix.com,4/18/2021,77,152,5,Female
Berget,Steabler,7474776627,bsteabler48@1und1.de,11/16/2022,58,153,5,Female
Sammy,Simenot,5516571823,ssimenot49@thetimes.co.uk,3/14/2020,24,154,6,Female
Creigh,Tomkies,7317993133,ctomkies4a@photobucket.com,8/18/2021,35,155,2,Male
Gerrie,Mews,6071585288,gmews4b@unblog.fr,1/9/2020,32,156,9,Female
Dulci,Pont,2671009202,dpont4c@icq.com,1/2/2023,25,157,3,Female
Lita,Cutchie,9173047713,lcutchie4d@washington.edu,1/7/2022,71,158,7,Female
Florian,Papps,4712288219,fpapps4e@so-net.ne.jp,5/10/2022,72,159,8,Male
Clarinda,Carleman,1855659582,ccarleman4f@cbc.ca,2/18/2020,64,160,4,Female
Heath,Robinett,7021207067,hrobinett4g@indiegogo.com,4/12/2022,23,161,7,Male
Harcourt,Scroggs,9657475739,hscroggs4h@goo.gl,6/13/2020,24,162,1,Male
Hewe,Fucher,4564115014,hfucher4i@storify.com,6/1/2021,56,163,3,Male
Oswald,Mengo,5141612022,omengo4j@wunderground.com,4/3/2022,78,164,2,Male
Mallory,Axup,2191383737,maxup4k@rakuten.co.jp,1/23/2021,70,165,6,Female
Christoper,Terlinden,2505821432,cterlinden4l@networkadvertising.org,4/25/2021,32,166,8,Male
Harriot,Mills,7773070434,hmills4m@statcounter.com,2/24/2022,72,167,8,Female
Netti,Fortnum,1963493298,nfortnum4n@google.fr,7/26/2022,48,168,7,Female
Phil,Starrs,4208189248,pstarrs4o@de.vu,3/28/2022,63,169,2,Male
Matthaeus,Reis,5296097041,mreis4p@rambler.ru,11/10/2022,71,170,4,Male
Latrena,Dutton,3526384452,ldutton4q@altervista.org,9/24/2022,66,171,9,Female
Gladys,Dukes,7198910950,gdukes4r@domainmarket.com,4/20/2020,36,172,5,Female
Ianthe,Brewer,1773179955,ibrewer4s@prweb.com,12/9/2020,29,173,9,Female
Massimiliano,Plunkett,1191236503,mplunkett4t@flavors.me,8/9/2020,48,174,9,Male
Faulkner,Biever,7339235285,fbiever4u@bandcamp.com,5/15/2020,15,175,9,Male
Alina,Hindge,2673643629,ahindge4v@techcrunch.com,3/25/2021,63,176,1,Female
Ephraim,Newarte,4667945388,enewarte4w@sourceforge.net,2/21/2022,71,177,6,Male
Ingaberg,Strevens,3845211323,istrevens4x@cisco.com,3/21/2021,25,178,7,Female
Fergus,Constance,4077719978,fconstance4y@si.edu,9/4/2022,23,179,1,Male
Nonnah,Prawle,3187931433,nprawle4z@moonfruit.com,11/30/2020,38,180,2,Female
Ramsey,Gertz,3662387606,rgertz50@artisteer.com,5/8/2021,20,181,5,Male
Sollie,Parchment,5353575972,sparchment51@google.co.jp,3/22/2022,34,182,9,Male
Andria,Aynold,5992760038,aaynold52@abc.net.au,2/16/2022,61,183,3,Female
Mercedes,Shaughnessy,7809341750,mshaughnessy53@bigcartel.com,9/26/2022,37,184,7,Female
Olin,Batt,2377468093,obatt54@ustream.tv,12/6/2020,34,185,1,Male
Brennan,Mille,6099957403,bmille55@tinyurl.com,10/7/2021,25,186,7,Male
Holly-anne,Okenden,4704399179,hokenden56@netscape.com,2/28/2022,44,187,2,Female
Callida,Thorius,9454201254,cthorius57@cornell.edu,6/15/2022,61,188,8,Female
Alexandro,Gavan,3772342542,agavan58@wikipedia.org,2/1/2021,14,189,5,Male
Leonid,D'eye,1314434469,ldeye59@twitpic.com,3/7/2020,50,190,3,Male
Annadiane,Sammes,6136433203,asammes5a@w3.org,8/11/2021,78,191,10,Female
Etan,Beckinsale,6483356975,ebeckinsale5b@bloomberg.com,12/16/2022,59,192,4,Male
Francoise,Calles,7469786877,fcalles5c@answers.com,1/1/2021,74,193,7,Female
Ricard,Djurisic,4482333637,rdjurisic5d@cnbc.com,10/7/2022,65,194,10,Male
Ruthe,Eldershaw,5266098123,reldershaw5e@ihg.com,10/18/2020,42,195,6,Female
Torr,Elton,5658846526,telton5f@cnet.com,6/22/2020,31,196,10,Male
Isidor,Alenov,6869795886,ialenov5g@scribd.com,3/22/2022,49,197,6,Male
Stevie,Agg,5921622958,sagg5h@4shared.com,4/28/2021,45,198,1,Male
Leonard,Slane,1448970346,lslane5i@etsy.com,12/19/2022,74,199,4,Male
Boot,Proschke,3194420377,bproschke5j@plala.or.jp,9/28/2022,17,200,6,Male
Lamond,Micallef,7871189201,lmicallef5k@behance.net,11/24/2022,62,201,9,Male
Rock,Capozzi,1906509171,rcapozzi5l@gravatar.com,6/28/2020,49,202,8,Male
Arlee,Barwack,7273482582,abarwack5m@about.me,8/20/2021,78,203,10,Female
Addison,Houdmont,2455815160,ahoudmont5n@cnn.com,8/9/2021,22,204,4,Male
Rivalee,Frascone,1269557248,rfrascone5o@bandcamp.com,12/22/2021,67,205,2,Female
Anet,McGeechan,4755231856,amcgeechan5p@hud.gov,5/30/2020,77,206,9,Female
Yoshi,Lages,6763675174,ylages5q@woothemes.com,2/28/2022,71,207,8,Female
Briggs,Salmoni,5855131897,bsalmoni5r@yahoo.co.jp,9/19/2022,49,208,6,Male
Leilah,Kitchinham,9239714025,lkitchinham5s@baidu.com,1/7/2020,68,209,4,Female
Allie,Oxteby,1852777553,aoxteby5t@squidoo.com,2/6/2022,63,210,1,Male
Aidan,Sherebrook,4935399403,asherebrook5u@rambler.ru,11/14/2021,57,211,6,Female
Meg,Boldecke,3979613362,mboldecke5v@hostgator.com,11/5/2021,22,212,7,Female
Kit,Whiffen,2734825390,kwhiffen5w@house.gov,12/20/2022,65,213,9,Female
Edgardo,Cathro,2131094930,ecathro5x@storify.com,6/28/2022,21,214,5,Male
Hedvige,Aukland,9658408274,haukland5y@google.de,12/2/2022,24,215,9,Female
Delcine,Jacobowits,1192008618,djacobowits5z@slashdot.org,4/8/2022,46,216,3,Female
Ashlie,Boshere,4658579640,aboshere60@g.co,2/4/2022,39,217,9,Female
Madalena,Gourlay,9202259568,mgourlay61@friendfeed.com,10/31/2021,50,218,4,Female
Garrard,Curro,4299193872,gcurro62@mlb.com,3/15/2021,49,219,5,Male
Ericha,Lunn,9192562655,elunn63@stanford.edu,2/24/2020,28,220,8,Female
Isabelle,Gerault,5492824504,igerault64@baidu.com,9/24/2021,46,221,8,Female
Alameda,Jansey,1509993063,ajansey65@umn.edu,2/28/2022,74,222,7,Female
Taite,Deares,3655803184,tdeares66@studiopress.com,6/11/2021,49,223,1,Male
Henriette,Singers,2372310607,hsingers67@homestead.com,6/18/2021,13,224,5,Female
Ruprecht,Tebbe,7158706466,rtebbe68@com.com,7/31/2022,60,225,5,Male
Nollie,Bartocci,2123739686,nbartocci69@gov.uk,5/15/2020,76,226,8,Male
Bastien,Bennet,2021093292,bbennet6a@soundcloud.com,7/10/2022,68,227,2,Male
Kiele,Meese,3472758412,kmeese6b@dion.ne.jp,6/25/2021,24,228,6,Female
Saraann,Clewer,5518102319,sclewer6c@i2i.jp,7/7/2021,58,229,6,Female
Holden,Mateuszczyk,3627534476,hmateuszczyk6d@netlog.com,10/1/2022,46,230,4,Male
Keir,Coughtrey,1982477878,kcoughtrey6e@discovery.com,3/14/2020,50,231,2,Male
Dal,Terris,4797103319,dterris6f@xing.com,1/27/2022,52,232,4,Male
Dave,Fenny,9487592893,dfenny6g@china.com.cn,1/24/2021,46,233,6,Male
Harrietta,Castleton,6314459039,hcastleton6h@rediff.com,7/7/2021,33,234,3,Female
Rebekah,Gommowe,7284740735,rgommowe6i@usa.gov,11/25/2022,41,235,8,Female
Sharleen,Lacheze,1656559116,slacheze6j@com.com,12/17/2021,21,236,1,Female
Ailbert,Savil,6886636174,asavil6k@samsung.com,7/19/2022,28,237,7,Male
Thom,Yushachkov,2177083426,tyushachkov6l@cdbaby.com,1/11/2021,19,238,8,Male
Valaria,Fisby,8976862142,vfisby6m@tuttocitta.it,9/14/2021,70,239,2,Female
Louis,Avrashin,9559166623,lavrashin6n@mac.com,10/30/2022,20,240,5,Male
Alric,Lumsdaine,9363561613,alumsdaine6o@bing.com,1/24/2022,50,241,6,Male
Rozalin,Streak,9136674474,rstreak6p@ehow.com,12/30/2021,76,242,10,Female
Benito,Matteau,1528438806,bmatteau6q@netscape.com,7/16/2021,26,243,10,Male
Bank,Vinck,5449938734,bvinck6r@biglobe.ne.jp,10/7/2021,13,244,1,Male
Jerry,Lennarde,5322421047,jlennarde6s@theglobeandmail.com,4/25/2021,34,245,8,Female
Cornelle,Carradice,9946550240,ccarradice6t@sbwire.com,2/21/2022,22,246,6,Female
Carlyn,Ewells,1234874959,cewells6u@newyorker.com,2/22/2021,70,247,10,Female
Matt,Cantera,1864480597,mcantera6v@flavors.me,4/24/2020,58,248,3,Male
Edith,Halden,2736872611,ehalden6w@berkeley.edu,9/15/2020,30,249,8,Female
Kelsey,Mardee,2416804962,kmardee6x@ovh.net,10/7/2022,45,250,5,Male
Dickie,Guage,9906757414,dguage6y@microsoft.com,11/6/2021,58,251,4,Male
Kyle,Scotchbrook,5726595308,kscotchbrook6z@paginegialle.it,9/16/2022,45,252,8,Male
Wylma,Shimon,7349618323,wshimon70@merriam-webster.com,8/2/2021,15,253,8,Female
Rhea,Eskriett,9156331253,reskriett71@theguardian.com,12/21/2020,75,254,1,Female
Chet,Caustick,8849131652,ccaustick72@amazon.co.uk,6/30/2021,43,255,7,Male
Shirleen,Minot,8446005883,sminot73@rakuten.co.jp,4/25/2022,30,256,7,Female
Pippy,Hansemann,2742673401,phansemann74@mayoclinic.com,12/3/2022,55,257,9,Female
Gwennie,Ortzen,3385018726,gortzen75@canalblog.com,7/3/2022,21,258,1,Female
Vassily,Purdey,1163287173,vpurdey76@vinaora.com,3/3/2022,50,259,5,Male
Ami,Thomsson,8127436960,athomsson77@google.fr,6/19/2022,12,260,10,Female
Johanna,Hagart,2421759425,jhagart78@uiuc.edu,1/24/2021,49,261,10,Female
Fletch,Fritche,3715581659,ffritche79@goodreads.com,5/1/2021,20,262,3,Male
Bernard,Lethbridge,4722994418,blethbridge7a@about.me,3/18/2021,43,263,10,Male
Wynne,Escolme,9211400696,wescolme7b@businessweek.com,4/13/2021,70,264,1,Female
Morissa,Walentynowicz,7413535979,mwalentynowicz7c@state.gov,11/24/2022,60,265,6,Female
Carey,Rogge,3594981316,crogge7d@storify.com,8/27/2021,48,266,3,Female
Muhammad,Simonett,5451780308,msimonett7e@facebook.com,4/1/2021,27,267,8,Male
Enos,Lambrechts,1788276327,elambrechts7f@hugedomains.com,10/21/2020,68,268,10,Male
Dannie,Fidge,9273038611,dfidge7g@tumblr.com,7/4/2020,19,269,3,Male
Darrelle,Auchterlonie,3383016760,dauchterlonie7h@pbs.org,7/20/2022,15,270,8,Female
Christoforo,Itzakovitz,7906595397,citzakovitz7i@de.vu,9/25/2020,37,271,4,Male
Shamus,Spreadbury,7392380578,sspreadbury7j@imgur.com,12/20/2022,19,272,8,Male
Gertrude,Alred,7877159822,galred7k@cafepress.com,12/26/2021,26,273,5,Female
Gabrielle,Terbeck,2025131414,gterbeck7l@yolasite.com,4/25/2021,72,274,10,Female
Zacharia,Spall,5729136763,zspall7m@geocities.com,5/20/2022,52,275,10,Male
Van,Heinle,7624132661,vheinle7n@hostgator.com,7/9/2022,32,276,2,Female
Helyn,De Andreis,8735303726,hdeandreis7o@angelfire.com,9/8/2020,17,277,4,Female
Rasia,Rainey,7082394582,rrainey7p@accuweather.com,9/26/2020,75,278,6,Female
Abraham,Bursnall,8224189751,abursnall7q@google.ru,1/16/2020,45,279,5,Male
Kathie,Gelderd,6219877141,kgelderd7r@mozilla.org,3/8/2021,50,280,1,Female
Hewet,Postill,9318506774,hpostill7s@ezinearticles.com,8/20/2022,38,281,1,Male
Agustin,Kender,3966556092,akender7t@bloomberg.com,5/26/2022,47,282,2,Male
Amanda,Eveque,4762723411,aeveque7u@skyrock.com,12/14/2020,63,283,4,Female
Konstantine,Farrent,4161078001,kfarrent7v@nationalgeographic.com,6/7/2022,51,284,3,Male
Cammie,Cockayne,8342716762,ccockayne7w@nps.gov,6/3/2020,70,285,3,Female
Moss,Tonn,8485816058,mtonn7x@google.co.jp,11/1/2020,19,286,5,Male
Maximilianus,Chatto,6745405132,mchatto7y@ezinearticles.com,5/30/2021,52,287,5,Male
Saleem,Peoples,8539216621,speoples7z@privacy.gov.au,1/1/2022,64,288,4,Male
Booth,Stapforth,3598934650,bstapforth80@twitpic.com,10/20/2021,36,289,7,Male
Cobby,Wickmann,8869026594,cwickmann81@nationalgeographic.com,9/22/2020,15,290,5,Male
Alfons,Garrick,6206361614,agarrick82@w3.org,3/10/2022,20,291,7,Male
Christiane,Crossgrove,6667416916,ccrossgrove83@utexas.edu,3/26/2022,75,292,5,Female
Sarena,Balm,7547739171,sbalm84@angelfire.com,10/21/2022,12,293,2,Female
Abey,MacLice,8062671010,amaclice85@technorati.com,10/1/2022,36,294,9,Male
Rafaelita,Jermin,9832819477,rjermin86@bbc.co.uk,6/23/2021,55,295,1,Female
Rolando,Lidgate,8981599707,rlidgate87@google.cn,4/12/2020,51,296,9,Male
Jennine,Nunn,3517243903,jnunn88@nydailynews.com,7/29/2022,33,297,5,Female
Roxy,Swinney,1497211933,rswinney89@pen.io,8/4/2020,15,298,10,Female
Bronson,Frampton,5198050995,bframpton8a@ucla.edu,6/11/2021,59,299,7,Male
Katusha,Richings,8085822944,krichings8b@yelp.com,9/15/2022,25,300,10,Female
Chadd,Sheahan,7997385422,csheahan8c@webmd.com,5/24/2020,57,301,10,Male
Annette,Bramhall,1682500240,abramhall8d@examiner.com,7/17/2020,72,302,3,Female
Eada,Shillabear,9631934750,eshillabear8e@hp.com,3/12/2022,64,303,6,Female
Lira,Gresty,7625798385,lgresty8f@rediff.com,12/12/2020,31,304,9,Female
Danna,Darmody,7598888267,ddarmody8g@scribd.com,10/29/2020,38,305,4,Female
Bail,Cressy,6842354902,bcressy8h@nba.com,1/2/2021,18,306,10,Male
Laverne,Morshead,7473517306,lmorshead8i@mapy.cz,11/14/2022,23,307,7,Female
Corrie,Cowpland,7384359935,ccowpland8j@dailymail.co.uk,2/11/2020,50,308,10,Female
Ky,Godbold,1934184825,kgodbold8k@jimdo.com,4/15/2022,47,309,2,Male
Roshelle,Sukbhans,8176764305,rsukbhans8l@myspace.com,2/17/2021,16,310,7,Female
Zelma,Blincko,3248749163,zblincko8m@house.gov,2/15/2022,25,311,5,Female
Virge,Stoneman,9024308219,vstoneman8n@craigslist.org,9/19/2020,52,312,3,Male
Brok,Buttrum,1236648129,bbuttrum8o@hud.gov,12/26/2022,53,313,10,Male
Willey,Saile,3313730792,wsaile8p@t-online.de,10/19/2020,66,314,3,Male
Temple,Fenimore,7927588800,tfenimore8q@wordpress.com,12/4/2021,19,315,2,Male
Hastie,Stearley,7968574819,hstearley8r@squarespace.com,11/21/2021,58,316,9,Male
Maxine,Shetliff,9258765004,mshetliff8s@home.pl,3/9/2021,30,317,8,Female
Jillie,Blaymires,8848872599,jblaymires8t@liveinternet.ru,8/2/2020,57,318,7,Female
Billy,Vasilchikov,5255392025,bvasilchikov8u@flickr.com,10/25/2021,42,319,4,Male
Corri,Loges,7027645392,cloges8v@163.com,8/19/2021,75,320,6,Female
Christie,Danielsson,6561678876,cdanielsson8w@biglobe.ne.jp,4/30/2022,23,321,8,Male
Barbee,Brunroth,2603875776,bbrunroth8x@scientificamerican.com,7/5/2022,18,322,3,Female
Alex,Riall,3247302504,ariall8y@icio.us,11/18/2021,26,323,4,Female
Buckie,Woolen,1744010132,bwoolen8z@infoseek.co.jp,8/28/2021,16,324,5,Male
Rutter,Dunbar,8427522365,rdunbar90@lycos.com,7/8/2022,68,325,8,Male
Addy,Rastrick,3031506845,arastrick91@amazon.co.jp,3/20/2020,75,326,6,Female
Jeniece,Dalligan,1154678587,jdalligan92@skype.com,3/20/2020,21,327,1,Female
Piggy,Elson,1574546604,pelson93@pbs.org,11/23/2020,19,328,4,Male
Ado,Erett,9642489593,aerett94@toplist.cz,8/27/2022,63,329,8,Male
Marti,Willmore,6521552585,mwillmore95@rediff.com,3/4/2021,16,330,5,Female
Tommi,Saunter,4229219192,tsaunter96@elpais.com,3/28/2020,78,331,10,Female
Jamison,Casazza,1978653946,jcasazza97@pagesperso-orange.fr,11/3/2021,17,332,1,Male
Ronald,Brinicombe,5644655360,rbrinicombe98@phoca.cz,9/7/2020,53,333,1,Male
Bradney,Carruth,7931014142,bcarruth99@apache.org,11/30/2022,66,334,9,Male
Sandye,Tidey,2697158471,stidey9a@vkontakte.ru,9/17/2021,29,335,5,Female
Philbert,Birkbeck,3071037591,pbirkbeck9b@theatlantic.com,7/6/2020,70,336,5,Male
Kayne,Wellwood,4257331577,kwellwood9c@nytimes.com,8/2/2022,70,337,2,Male
Wilek,Ruler,4034870449,wruler9d@rediff.com,5/3/2021,23,338,7,Male
Ally,Beard,5981499389,abeard9e@ask.com,1/13/2021,59,339,1,Female
Tilda,Marchington,7866371801,tmarchington9f@nifty.com,3/1/2022,23,340,2,Female
Flin,Lavrick,6945758747,flavrick9g@google.com.au,6/28/2020,29,341,9,Male
Nils,Michiel,5735660829,nmichiel9h@hhs.gov,7/6/2021,76,342,5,Male
Basile,Goskar,5398642551,bgoskar9i@yahoo.co.jp,5/17/2021,36,343,9,Male
Candice,Stopford,4895848809,cstopford9j@mapy.cz,7/3/2021,37,344,2,Female
Avie,Faughny,3274272477,afaughny9k@europa.eu,12/15/2021,52,345,9,Female
Annecorinne,Rielly,7172854967,arielly9l@cdc.gov,12/30/2022,18,346,2,Female
Tades,Laskey,2454293178,tlaskey9m@cocolog-nifty.com,1/14/2020,66,347,6,Male
Taber,Garken,9278438449,tgarken9n@slate.com,10/7/2020,17,348,8,Male
Raviv,Kohnert,9106628731,rkohnert9o@kickstarter.com,12/14/2021,39,349,5,Male
Griffith,Kinze,2767851550,gkinze9p@latimes.com,6/5/2020,66,350,10,Male
Armando,Signorelli,7601573143,asignorelli9q@hubpages.com,9/2/2020,21,351,4,Male
Florian,Cody,4225687536,fcody9r@drupal.org,8/22/2020,67,352,2,Male
Clarance,Semor,3767672276,csemor9s@goo.gl,4/16/2021,23,353,1,Male
Odo,Tonkin,7842923391,otonkin9t@miibeian.gov.cn,8/21/2022,63,354,9,Male
Ripley,Slimon,1437990626,rslimon9u@linkedin.com,11/3/2021,58,355,8,Male
Philis,Thebe,5551114920,pthebe9v@washington.edu,6/16/2020,57,356,2,Female
Anders,Duding,4384775030,aduding9w@linkedin.com,7/22/2020,68,357,8,Male
Teresina,Cristol,1538271023,tcristol9x@theguardian.com,6/1/2020,29,358,1,Female
Catharine,Caudell,9926984523,ccaudell9y@stumbleupon.com,6/30/2021,28,359,3,Female
Egor,Gorrissen,5897844044,egorrissen9z@arstechnica.com,3/20/2020,75,360,9,Male
Erminie,McDonough,5952875390,emcdonougha0@printfriendly.com,1/11/2020,47,361,2,Female
Daveen,Beauchamp,4778089337,dbeauchampa1@purevolume.com,7/13/2021,37,362,7,Female
Bert,Lillow,1668095429,blillowa2@auda.org.au,3/6/2022,48,363,7,Female
Enid,Knightly,6882827500,eknightlya3@gnu.org,4/13/2021,27,364,5,Female
Perri,Pole,6629441741,ppolea4@feedburner.com,9/6/2020,40,365,3,Female
Kaylil,Hush,7974970152,khusha5@jimdo.com,12/23/2021,14,366,4,Female
Dermot,Sainsbury,5377906963,dsainsburya6@bigcartel.com,9/9/2022,12,367,2,Male
Farly,Rissen,7554994049,frissena7@nytimes.com,7/20/2021,68,368,7,Male
Basilius,Karran,1926916401,bkarrana8@dailymotion.com,3/27/2020,37,369,7,Male
Georgy,Gaskill,8108617176,ggaskilla9@ehow.com,3/24/2021,45,370,3,Male
Spike,Kerford,8011371110,skerfordaa@last.fm,4/5/2021,70,371,3,Male
Alessandro,Scrowson,9297620840,ascrowsonab@weather.com,4/22/2020,42,372,7,Male
Emelina,Brabben,8742115068,ebrabbenac@smh.com.au,3/24/2021,76,373,10,Female
Johannes,Olennikov,8025932636,jolennikovad@theguardian.com,9/16/2021,25,374,5,Male
Cyndie,Blackburne,2749434802,cblackburneae@squidoo.com,8/16/2022,57,375,1,Female
Naomi,Durtnall,8896229426,ndurtnallaf@imgur.com,1/4/2020,36,376,9,Female
Buck,Spinige,9998036296,bspinigeag@npr.org,7/3/2020,44,377,1,Male
Gene,Sphinxe,9657516439,gsphinxeah@is.gd,9/17/2020,36,378,3,Female
Chiquita,Blondell,4618315505,cblondellai@pbs.org,10/9/2022,48,379,1,Female
Moishe,Millery,1404235893,mmilleryaj@gov.uk,2/25/2020,41,380,2,Male
Alia,Greim,6298624037,agreimak@kickstarter.com,12/15/2021,63,381,7,Female
Victoir,McWhan,3143819747,vmcwhanal@exblog.jp,2/12/2020,45,382,7,Male
Yankee,Ohanessian,3448278715,yohanessianam@mysql.com,4/8/2020,42,383,7,Male
Meagan,Wyldish,2676357889,mwyldishan@craigslist.org,3/2/2021,15,384,1,Female
Tove,Jirka,4428022469,tjirkaao@linkedin.com,1/31/2022,63,385,10,Female
Alphard,Sherlock,3037883267,asherlockap@harvard.edu,4/3/2022,29,386,10,Male
Llewellyn,Freestone,4003612739,lfreestoneaq@mediafire.com,3/13/2022,34,387,10,Male
Jessie,Hardson,7919018439,jhardsonar@fotki.com,2/26/2020,49,388,1,Male
Berti,Halse,3295500023,bhalseas@issuu.com,5/9/2020,54,389,7,Female
Cathrine,Bussell,8798951264,cbussellat@umn.edu,6/23/2022,59,390,4,Female
Saudra,Bram,6803469410,sbramau@scribd.com,1/6/2020,75,391,8,Female
Crysta,Gehrtz,8713894578,cgehrtzav@oracle.com,6/20/2022,28,392,8,Female
Babita,Van de Velde,4172972004,bvandeveldeaw@opera.com,11/21/2020,22,393,7,Female
Colman,Dufaur,7949232384,cdufaurax@buzzfeed.com,5/16/2022,69,394,9,Male
Mayor,Zelake,6116766077,mzelakeay@answers.com,3/8/2021,42,395,7,Male
Melly,Carlisso,3098685543,mcarlissoaz@smugmug.com,2/2/2020,78,396,7,Female
Rowan,Trewhella,9233847411,rtrewhellab0@amazon.de,8/26/2022,71,397,5,Male
Alfreda,Ketteman,3837298956,akettemanb1@netscape.com,3/2/2021,33,398,10,Female
Dix,Filson,9859961425,dfilsonb2@ebay.com,6/19/2022,34,399,7,Female
Phillis,Davidson,9451878331,pdavidsonb3@usatoday.com,12/11/2020,39,400,5,Female
Guillermo,Pohlke,1002293698,gpohlkeb4@g.co,4/16/2020,39,401,3,Male
Patrice,Mogra,8488451199,pmograb5@theguardian.com,8/15/2022,44,402,3,Female
Seth,Esmead,2328443088,sesmeadb6@comsenz.com,1/19/2022,66,403,2,Male
Maurits,Itzhayek,7857336021,mitzhayekb7@ustream.tv,12/7/2020,63,404,7,Male
Sonny,Le Brom,1592926966,slebromb8@t.co,11/23/2021,32,405,9,Male
Shaun,Carlick,1024689982,scarlickb9@mac.com,9/16/2021,61,406,8,Male
Ayn,Huyhton,8926966766,ahuyhtonba@networksolutions.com,7/20/2020,37,407,3,Female
Cherie,Reye,2094736507,creyebb@github.com,6/4/2022,73,408,1,Female
Buddie,Boyen,1762986323,bboyenbc@mapquest.com,2/6/2020,64,409,9,Male
Pascale,Clissett,9417075716,pclissettbd@bandcamp.com,9/22/2020,45,410,9,Male
Jan,Piotrowski,5482708902,jpiotrowskibe@webeden.co.uk,8/19/2022,66,411,9,Male
Delly,Quade,1072787307,dquadebf@cyberchimps.com,3/29/2020,25,412,8,Female
Keelia,Seivwright,7698728498,kseivwrightbg@blogtalkradio.com,1/24/2021,41,413,5,Female
Aland,Scotti,5117564043,ascottibh@weather.com,3/30/2020,38,414,6,Male
Kaila,Le Sieur,7365166649,klesieurbi@techcrunch.com,4/30/2021,22,415,8,Female
Corilla,Croasdale,1831523385,ccroasdalebj@answers.com,11/18/2020,72,416,10,Female
Felicio,Berzons,2889195255,fberzonsbk@delicious.com,9/25/2022,76,417,3,Male
Brandi,Donn,6253653477,bdonnbl@vkontakte.ru,1/15/2022,73,418,1,Female
Filmer,Bonsey,1244942319,fbonseybm@biblegateway.com,11/5/2022,49,419,5,Male
Kristoffer,Likely,2625402451,klikelybn@jugem.jp,10/28/2021,16,420,7,Male
Remy,Reach,2736211753,rreachbo@oaic.gov.au,7/20/2022,33,421,5,Female
Genia,Carwithan,5475910280,gcarwithanbp@wordpress.com,12/30/2021,57,422,3,Female
Denyse,Yurin,1055486674,dyurinbq@mail.ru,4/10/2022,18,423,5,Female
Baxy,Basile,5088021325,bbasilebr@reddit.com,4/20/2022,12,424,8,Male
Tristan,Girardoni,9338877305,tgirardonibs@cyberchimps.com,10/17/2020,67,425,7,Male
Gene,Lackmann,7425300260,glackmannbt@hugedomains.com,8/14/2022,59,426,2,Female
Kylynn,Dmitriev,9644606917,kdmitrievbu@bloglovin.com,8/14/2022,55,427,3,Female
Corilla,Simek,7732753794,csimekbv@simplemachines.org,6/25/2021,73,428,6,Female
Anatollo,Howel,7307809012,ahowelbw@tumblr.com,2/5/2021,76,429,5,Male
Welch,Temprell,8734156439,wtemprellbx@prlog.org,5/1/2022,27,430,6,Male
Harlene,Toms,9637366078,htomsby@abc.net.au,10/12/2021,14,431,1,Female
Annabal,Starie,7877806536,astariebz@slashdot.org,11/17/2022,30,432,3,Female
Evvie,Charlesworth,1797047339,echarlesworthc0@slideshare.net,11/21/2022,15,433,5,Female
Lanie,Killock,4063563269,lkillockc1@geocities.com,5/29/2022,55,434,6,Male
Arnold,Yele,7055669013,ayelec2@gmpg.org,3/28/2020,29,435,1,Male
Janith,Grzeszczyk,4787525337,jgrzeszczykc3@dailymotion.com,6/23/2021,37,436,10,Female
Georgeanna,Leyshon,6035043838,gleyshonc4@umn.edu,9/28/2021,45,437,6,Female
Dacey,Stuchberry,2138413225,dstuchberryc5@addtoany.com,7/27/2022,12,438,2,Female
Clayborne,Gosling,6996659079,cgoslingc6@multiply.com,8/12/2022,27,439,3,Male
Kristos,Garvin,3749253984,kgarvinc7@whitehouse.gov,5/22/2021,15,440,4,Male
Kylila,Grgic,4638912145,kgrgicc8@etsy.com,8/23/2021,68,441,4,Female
Rice,Burnel,4055111949,rburnelc9@ox.ac.uk,1/25/2021,41,442,2,Male
Marsh,Pattisson,2892915845,mpattissonca@shutterfly.com,1/2/2021,12,443,9,Male
Brinn,Bloxham,1495548296,bbloxhamcb@seesaa.net,4/2/2021,70,444,9,Female
Guillermo,Blune,8043557572,gblunecc@live.com,9/22/2020,41,445,3,Male
Konstanze,Causier,8869811953,kcausiercd@mysql.com,12/8/2020,20,446,9,Female
Olav,Havercroft,7613534357,ohavercroftce@sfgate.com,4/3/2022,74,447,3,Male
Harald,Capun,2533181924,hcapuncf@senate.gov,9/23/2021,26,448,4,Male
Mason,Kibel,7427379092,mkibelcg@tumblr.com,8/9/2022,21,449,1,Male
Yoshi,Simonazzi,4686015622,ysimonazzich@webmd.com,3/27/2020,24,450,8,Female
Reeva,Gaize,1844170414,rgaizeci@ucsd.edu,4/1/2020,14,451,2,Female
Ara,Klouz,1063667316,aklouzcj@people.com.cn,3/10/2021,40,452,2,Male
Gael,Jameson,1803082204,gjamesonck@xing.com,3/11/2020,16,453,10,Female
Merwyn,Quare,5092889869,mquarecl@soup.io,2/3/2022,58,454,3,Male
Wes,Corey,9933580385,wcoreycm@princeton.edu,3/16/2022,48,455,7,Male
Rog,Fish,8521618377,rfishcn@pbs.org,1/17/2020,55,456,1,Male
Dianemarie,Snar,5106303582,dsnarco@wikipedia.org,11/17/2022,68,457,6,Female
Yehudit,Boffey,7131892394,yboffeycp@t.co,12/31/2022,24,458,2,Male
Garth,Veryan,6532336055,gveryancq@toplist.cz,2/5/2021,46,459,6,Male
Manfred,Bamling,5441665539,mbamlingcr@multiply.com,5/26/2022,76,460,9,Male
Mark,Chomiszewski,8046369512,mchomiszewskics@opensource.org,3/21/2021,28,461,1,Male
Aida,Aucott,1588816339,aaucottct@sina.com.cn,3/18/2022,61,462,2,Female
Chucho,Gaythwaite,2808176597,cgaythwaitecu@google.cn,5/20/2021,41,463,5,Male
Cristen,Gowland,5479825842,cgowlandcv@pagesperso-orange.fr,1/6/2021,16,464,6,Female
Sarena,Dunk,2383499111,sdunkcw@is.gd,10/15/2021,21,465,6,Female
Wilfred,Cristoferi,5721757449,wcristofericx@si.edu,1/21/2020,33,466,2,Male
Lucia,Copas,3504378996,lcopascy@cdbaby.com,6/17/2022,61,467,3,Female
Giralda,Whitland,3378152801,gwhitlandcz@ovh.net,9/9/2021,30,468,3,Female
Hulda,Glencorse,5571924296,hglencorsed0@yellowpages.com,5/14/2020,37,469,5,Female
Marcel,Killock,2084320795,mkillockd1@redcross.org,7/2/2021,22,470,9,Male
Danna,Woolger,5464237121,dwoolgerd2@harvard.edu,3/10/2022,77,471,6,Female
Carole,Walden,7192322889,cwaldend3@163.com,10/18/2022,48,472,6,Female
Uri,Bracknell,4672061840,ubracknelld4@businesswire.com,4/8/2022,26,473,1,Male
Marsh,Foulks,7973657216,mfoulksd5@e-recht24.de,11/26/2020,25,474,9,Male
Horten,Claire,9946295528,hclaired6@cyberchimps.com,1/17/2020,12,475,6,Male
Kissee,Leahy,5345221331,kleahyd7@taobao.com,1/10/2020,20,476,5,Female
Rourke,Vaudin,9732705119,rvaudind8@msn.com,3/12/2021,27,477,9,Male
Christiano,Avrahamian,4744336057,cavrahamiand9@xrea.com,5/18/2022,20,478,9,Male
Montgomery,Alvarado,6597825427,malvaradoda@ameblo.jp,12/10/2020,78,479,7,Male
Aleta,Fosher,4326627178,afosherdb@webnode.com,7/20/2022,59,480,7,Female
Regen,Oxborough,8688676669,roxboroughdc@accuweather.com,5/22/2022,55,481,6,Male
Silas,Piscopiello,5912902015,spiscopiellodd@mlb.com,9/13/2022,36,482,4,Male
Lisa,Campany,7825472996,lcampanyde@cdbaby.com,11/22/2022,71,483,2,Female
Christean,Scriver,9032498424,cscriverdf@reference.com,5/29/2021,77,484,9,Female
Jaye,Stealfox,3527626491,jstealfoxdg@google.co.uk,8/9/2021,51,485,7,Male
Jackson,Percifull,1063191942,jpercifulldh@tumblr.com,9/20/2021,77,486,6,Male
Curr,Hymer,8136118525,chymerdi@seesaa.net,5/19/2022,12,487,3,Male
Storm,Castille,5499075243,scastilledj@facebook.com,6/16/2020,22,488,3,Female
Gretchen,Bodell,6118899862,gbodelldk@wp.com,7/4/2022,40,489,3,Female
Shaylynn,Willimot,2269673295,swillimotdl@sohu.com,7/14/2022,34,490,9,Female
Christophorus,Roan,3438641106,croandm@icio.us,2/20/2020,45,491,2,Male
Dillie,Molyneux,6723174371,dmolyneuxdn@amazon.co.uk,3/9/2020,28,492,4,Male
Fitz,Morecombe,7188047976,fmorecombedo@so-net.ne.jp,6/8/2021,72,493,8,Male
Harper,Stadden,5601837928,hstaddendp@dell.com,4/1/2022,50,494,10,Male
Amie,Obee,9133305291,aobeedq@chron.com,6/12/2021,70,495,10,Female
Chandal,Elphey,3906856042,celpheydr@weather.com,10/17/2021,54,496,4,Female
Corenda,Alster,2771395291,calsterds@hubpages.com,12/25/2020,15,497,2,Female
Irvin,Yakovl,7558178870,iyakovldt@istockphoto.com,6/24/2022,70,498,6,Male
Ingemar,Labroue,6878597164,ilabrouedu@businessweek.com,12/27/2022,45,499,4,Male
Tallia,Salters,7531231032,tsaltersdv@sfgate.com,2/21/2021,38,500,4,Female
Eb,Brigg,6179137746,ebriggdw@furl.net,6/14/2022,21,501,9,Male
Thatcher,Edwinson,5143318025,tedwinsondx@eepurl.com,7/14/2021,17,502,7,Male
Ulric,Hearsey,6195585774,uhearseydy@nature.com,3/16/2021,73,503,8,Male
Wayne,Sazio,1868402666,wsaziodz@wikimedia.org,3/10/2022,59,504,7,Male
Artus,Fay,6383655725,afaye0@slashdot.org,6/30/2021,24,505,7,Male
Kayne,Giannazzi,8017870371,kgiannazzie1@google.com.hk,9/23/2020,68,506,4,Male
Yuri,Dignall,3155253459,ydignalle2@prweb.com,9/15/2021,50,507,7,Male
Dino,Rubinsohn,3087325320,drubinsohne3@newsvine.com,2/26/2022,60,508,10,Male
Niccolo,Yakebovitch,8555037672,nyakebovitche4@nba.com,3/3/2021,22,509,2,Male
Hubey,Sherlaw,7597817075,hsherlawe5@nydailynews.com,2/1/2022,36,510,8,Male
Moise,Giovannacc@i,2489973394,mgiovannaccie6@lulu.com,10/3/2022,33,511,5,Male
Sanford,Francillo,7503071650,sfrancilloe7@mozilla.com,8/9/2020,29,512,4,Male
Davis,Driutti,4373706550,ddriuttie8@twitter.com,6/17/2020,40,513,3,Male
Hans,Paolazzi,6616248034,hpaolazzie9@xing.com,3/26/2020,56,514,4,Male
Sherline,De Bruijn,9274407495,sdebruijnea@narod.ru,8/5/2020,68,515,6,Female
Ranice,Donizeau,9119026562,rdonizeaueb@mayoclinic.com,7/11/2022,31,516,7,Female
Vivianna,Gloyens,7368134225,vgloyensec@ow.ly,9/22/2021,71,517,6,Female
Wernher,Barby,6437749006,wbarbyed@smugmug.com,5/26/2020,51,518,6,Male
Kristo,Gage,6438418782,kgageee@sun.com,2/2/2021,48,519,2,Male
Gage,Phillipps,5402744987,gphillippsef@walmart.com,5/7/2020,43,520,5,Male
Moira,Nutton,2506775890,mnuttoneg@fda.gov,2/7/2022,17,521,2,Female
Ludovico,Stansfield,1259398568,lstansfieldeh@cisco.com,4/20/2020,71,522,7,Male
Lucius,Lorain,7726993555,llorainei@tuttocitta.it,9/7/2022,58,523,6,Male
Lauraine,Morman,4372568582,lmormanej@biglobe.ne.jp,4/26/2020,60,524,3,Female
Merralee,Hicklingbottom,5731961164,mhicklingbottomek@wix.com,3/1/2020,43,525,10,Female
Shell,Gascar,2751666970,sgascarel@patch.com,9/17/2020,68,526,5,Male
Sigismondo,MacRinn,8143963497,smacrinnem@wordpress.com,10/4/2021,47,527,6,Male
Moe,Loveland,5468833891,mlovelanden@state.gov,7/3/2022,71,528,10,Male
Darcie,Whenham,1571649341,dwhenhameo@netvibes.com,5/27/2020,16,529,8,Female
Matty,Everson,4956895201,meversonep@mayoclinic.com,10/8/2020,22,530,2,Female
Edmund,Roderigo,2334331896,eroderigoeq@yolasite.com,1/31/2022,52,531,4,Male
Henrieta,Berford,1121901178,hberforder@engadget.com,12/12/2022,61,532,10,Female
Tiffie,Worvell,6908948247,tworvelles@twitter.com,4/14/2021,27,533,8,Female
Hollis,Bellfield,1074497717,hbellfieldet@dailymail.co.uk,9/18/2020,63,534,4,Male
Lazare,Guerola,9999758893,lguerolaeu@trellian.com,2/18/2022,48,535,8,Male
Dina,Brickett,8182443194,dbrickettev@biglobe.ne.jp,6/30/2022,15,536,8,Female
Arman,Blaxill,1359668540,ablaxillew@cornell.edu,1/18/2021,34,537,9,Male
Dianemarie,Sydall,7564150034,dsydallex@wunderground.com,4/28/2021,53,538,9,Female
Camala,Rayment,3971252700,craymentey@aol.com,3/23/2020,44,539,3,Female
Manolo,Slimings,1649931650,mslimingsez@nsw.gov.au,3/5/2022,28,540,6,Male
Justinn,Akram,4045933570,jakramf0@biblegateway.com,12/16/2022,43,541,8,Female
Emmeline,Luciano,5976254068,elucianof1@discuz.net,6/5/2020,77,542,6,Female
Tommie,Almon,8314795400,talmonf2@europa.eu,7/23/2020,73,543,1,Male
Desi,Whannel,6501236734,dwhannelf3@usatoday.com,6/18/2020,27,544,10,Male
Ranee,Woodwin,3207511205,rwoodwinf4@yahoo.co.jp,10/30/2021,31,545,7,Female
Dilan,Upex,7939137623,dupexf5@weebly.com,10/30/2022,42,546,7,Male
Lynnell,Pendrick,9698754226,lpendrickf6@ocn.ne.jp,7/3/2020,40,547,9,Female
Junette,Findlow,8583686658,jfindlowf7@is.gd,4/6/2021,24,548,10,Female
Tasia,Janecek,3451468071,tjanecekf8@chron.com,5/28/2020,34,549,1,Female
Abelard,Conybear,3905514601,aconybearf9@reverbnation.com,4/26/2021,30,550,3,Male
Kaia,Jaume,4818377179,kjaumefa@marriott.com,3/19/2020,43,551,5,Female
Briana,Stennine,9685518579,bstenninefb@vimeo.com,10/20/2022,78,552,2,Female
Jeno,Allpress,9485267403,jallpressfc@scribd.com,11/1/2022,43,553,1,Male
Niels,Frankling,8305931433,nfranklingfd@delicious.com,9/14/2020,37,554,4,Male
Elvin,Mawford,6538248770,emawfordfe@webnode.com,6/18/2021,12,555,5,Male
Nikita,Jewers,9835355791,njewersff@engadget.com,11/16/2020,30,556,10,Male
Chloette,Mougeot,5771647756,cmougeotfg@nps.gov,6/16/2021,66,557,6,Female
Gus,Westby,6051826423,gwestbyfh@netscape.com,5/7/2022,52,558,10,Female
Dalis,Kemell,4252729905,dkemellfi@sitemeter.com,2/25/2020,49,559,3,Male
Almeta,Duckerin,7453868533,aduckerinfj@cdbaby.com,9/5/2021,39,560,9,Female
Ruddy,Wormell,3814642734,rwormellfk@amazon.co.jp,3/9/2022,32,561,3,Male
Aline,Spilsbury,2545803581,aspilsburyfl@t-online.de,4/27/2021,51,562,6,Female
Nealon,While,7301950088,nwhilefm@vistaprint.com,8/28/2021,26,563,9,Male
Carson,Biesty,3107630873,cbiestyfn@jimdo.com,1/4/2020,47,564,7,Male
Sisely,Westell,6235947827,swestellfo@mac.com,10/19/2020,63,565,1,Female
Mercie,Trevaskis,5526013670,mtrevaskisfp@cdc.gov,11/14/2021,37,566,7,Female
Hiram,Battle,8876318064,hbattlefq@businessweek.com,1/3/2021,22,567,9,Male
Stanleigh,Bathersby,2881692082,sbathersbyfr@pen.io,10/2/2022,42,568,3,Male
Barnebas,Ferreiro,4014980047,bferreirofs@accuweather.com,10/27/2021,54,569,3,Male
Bari,Yandell,3303790976,byandellft@howstuffworks.com,10/2/2021,35,570,4,Female
Barry,Kernar,1944947696,bkernarfu@list-manage.com,9/26/2020,29,571,1,Female
Van,Rosingdall,3533491256,vrosingdallfv@miitbeian.gov.cn,12/4/2022,53,572,7,Male
Hazel,Long,4487992166,hlongfw@theguardian.com,6/8/2020,36,573,7,Female
Jesse,Gittose,9695897382,jgittosefx@webnode.com,1/17/2022,28,574,4,Male
Peter,Dyball,5487780117,pdyballfy@newsvine.com,3/17/2022,37,575,10,Male
Lory,Godspeede,3075078974,lgodspeedefz@list-manage.com,6/2/2021,40,576,8,Female
Ted,Ciotto,4525192401,tciottog0@aol.com,11/20/2022,19,577,6,Female
Jameson,Evason,5571163368,jevasong1@istockphoto.com,11/19/2021,16,578,9,Male
Susanna,Gillbey,8129267752,sgillbeyg2@hugedomains.com,9/11/2020,34,579,1,Female
Benoite,Braune,2054197154,bbrauneg3@cmu.edu,3/11/2022,49,580,3,Female
Clarance,Van Der Weedenburg,2095752090,cvanderweedenburgg4@cbc.ca,10/30/2022,33,581,5,Male
Tory,Benedit,3007967287,tbeneditg5@twitter.com,1/16/2021,69,582,8,Female
Ellette,Bartholomieu,4146722140,ebartholomieug6@friendfeed.com,9/15/2022,60,583,6,Female
Eustacia,Everly,1476805450,eeverlyg7@nature.com,11/6/2020,19,584,8,Female
Chan,Burfield,5113435806,cburfieldg8@yandex.ru,8/7/2021,60,585,4,Male
Judd,Dufall,5063865375,jdufallg9@blinklist.com,1/11/2020,46,586,6,Male
Alfons,Scothron,9299218020,ascothronga@reuters.com,6/30/2021,39,587,10,Male
Hinda,Scougall,8573759574,hscougallgb@cnet.com,7/12/2020,64,588,2,Female
Janie,Critch,7861414040,jcritchgc@wikipedia.org,10/29/2022,57,589,6,Female
Cassius,Louw,3201612493,clouwgd@fema.gov,8/7/2020,71,590,6,Male
Elaina,Newland,5269676923,enewlandge@theguardian.com,3/19/2022,66,591,1,Female
Cob,Nowak,6161768974,cnowakgf@bing.com,1/3/2021,23,592,9,Male
Erminie,Daintrey,1498841527,edaintreygg@wix.com,7/8/2022,38,593,2,Female
Fayth,Spavon,9701392466,fspavongh@fc2.com,9/17/2022,25,594,7,Female
Cathrin,Douris,8609180283,cdourisgi@blogtalkradio.com,3/30/2021,36,595,6,Female
Tyler,Ferreli,4958255873,tferreligj@psu.edu,11/22/2020,35,596,3,Male
Ashly,Gunney,9861059117,agunneygk@timesonline.co.uk,12/20/2021,47,597,1,Female
Jacenta,Rudland,6528504168,jrudlandgl@t-online.de,7/3/2022,73,598,9,Female
Consolata,Peeters,4806888033,cpeetersgm@yale.edu,12/31/2022,78,599,9,Female
Jeromy,Hourigan,3046663017,jhourigangn@ocn.ne.jp,9/26/2022,59,600,4,Male
Gayle,Rosenau,7657294374,grosenaugo@sourceforge.net,2/25/2020,44,601,3,Female
Ken,Blaze,2934421439,kblazegp@unicef.org,10/2/2020,32,602,3,Male
Alejoa,Towlson,1132162797,atowlsongq@tuttocitta.it,8/13/2020,34,603,9,Male
Petunia,Hammant,3314554195,phammantgr@deviantart.com,3/31/2022,59,604,2,Female
Lorant,Nangle,1209340092,lnanglegs@amazonaws.com,6/23/2021,52,605,1,Male
Morganica,Smardon,7132173985,msmardongt@wisc.edu,8/8/2021,37,606,9,Female
Inesita,Redmore,9315065696,iredmoregu@dmoz.org,4/18/2020,17,607,2,Female
Gabriele,Stucke,5004573404,gstuckegv@nba.com,5/10/2022,75,608,10,Male
Carlo,Chiswell,1219388097,cchiswellgw@tuttocitta.it,1/17/2020,43,609,5,Male
Henryetta,Gallego,4134843917,hgallegogx@wikimedia.org,3/22/2022,54,610,4,Female
Alric,Massot,1554881390,amassotgy@time.com,3/1/2021,17,611,10,Male
Albertina,Tocqueville,3232042577,atocquevillegz@independent.co.uk,4/10/2020,72,612,8,Female
Trueman,MacKeeg,9638916113,tmackeegh0@nationalgeographic.com,4/29/2022,76,613,1,Male
Bryn,Swadlin,8995481041,bswadlinh1@naver.com,10/12/2020,64,614,3,Female
Loretta,Sidwell,1455856273,lsidwellh2@bbc.co.uk,6/30/2020,24,615,2,Female
Richmound,Beale,7288449042,rbealeh3@google.it,3/22/2021,32,616,8,Male
Bevin,Zuanelli,5497763034,bzuanellih4@google.com,12/30/2022,72,617,4,Male
Mathian,Scamal,3256531364,mscamalh5@bizjournals.com,9/26/2021,34,618,4,Male
Rhett,Samuel,8107480864,rsamuelh6@jugem.jp,11/8/2022,31,619,7,Male
Nickey,Lomax,6579402912,nlomaxh7@jalbum.net,3/23/2020,53,620,2,Male
Ferd,Yashnov,7366931896,fyashnovh8@sphinn.com,12/18/2020,63,621,9,Male
Marcel,Dmitrienko,3276987077,mdmitrienkoh9@homestead.com,10/24/2022,73,622,3,Male
Verne,Hiscoke,3038222363,vhiscokeha@ustream.tv,1/5/2020,60,623,10,Male
Sergeant,Tompkins,2164473896,stompkinshb@mac.com,7/25/2022,72,624,10,Male
Felicle,Kroll,1651234743,fkrollhc@illinois.edu,4/25/2020,13,625,6,Female
Gabi,Wrightam,9771785424,gwrightamhd@kickstarter.com,12/6/2020,77,626,3,Male
Anthiathia,Rosenwasser,6816051570,arosenwasserhe@hibu.com,8/12/2020,57,627,9,Female
Wallace,Hagergham,2889172033,whagerghamhf@moonfruit.com,11/21/2021,50,628,4,Male
Cirilo,Weems,4231467086,cweemshg@shutterfly.com,8/1/2022,41,629,7,Male
Aldwin,Stapleton,1689344243,astapletonhh@yelp.com,7/7/2021,72,630,6,Male
Rozelle,Matterson,6146388088,rmattersonhi@ehow.com,1/6/2020,27,631,10,Female
Silas,Doll,2628648231,sdollhj@businessinsider.com,5/19/2022,71,632,7,Male
Lyell,Ribeiro,2947261554,lribeirohk@spotify.com,7/27/2022,65,633,10,Male
Gustav,Adamovich,3581739004,gadamovichhl@google.com.br,8/11/2022,15,634,1,Male
Jorry,Treace,6373290561,jtreacehm@gravatar.com,9/14/2022,58,635,5,Female
Belvia,Mighele,5014488267,bmighelehn@wunderground.com,7/31/2021,52,636,8,Female
Reeva,Agirre,8046586144,ragirreho@angelfire.com,1/1/2022,39,637,9,Female
Caresse,Arch,1726526720,carchhp@com.com,6/9/2020,30,638,6,Female
Daveen,Jedrzejkiewicz,2368179593,djedrzejkiewiczhq@disqus.com,1/30/2022,25,639,3,Female
Zachery,Hoofe,1306945231,zhoofehr@thetimes.co.uk,1/8/2020,34,640,6,Male
Angie,Mullen,7751918410,amullenhs@unesco.org,9/9/2022,41,641,10,Female
Dannye,Fosten,1672672202,dfostenht@umn.edu,10/17/2020,20,642,4,Female
Phelia,Kinastan,9526100708,pkinastanhu@quantcast.com,11/28/2020,64,643,6,Female
Brunhilda,Simmill,2438529382,bsimmillhv@wiley.com,6/12/2022,46,644,3,Female
Florry,Schirach,5112279721,fschirachhw@newyorker.com,3/16/2022,76,645,9,Female
Aila,Buxton,9221066644,abuxtonhx@qq.com,3/14/2021,72,646,3,Female
Friedrick,Jandac,7022319872,fjandachy@seesaa.net,1/21/2021,58,647,1,Male
Danya,Jurick,2177743405,djurickhz@imageshack.us,9/26/2020,24,648,1,Male
Salli,Agneau,8118008350,sagneaui0@unc.edu,4/13/2021,56,649,4,Female
Augusta,Copperwaite,6098042452,acopperwaitei1@vkontakte.ru,5/17/2021,29,650,5,Female
Tilly,Heamus,1092518863,theamusi2@quantcast.com,1/22/2022,20,651,6,Female
Hyacinthe,Phethean,6806565971,hphetheani3@cargocollective.com,9/25/2020,57,652,9,Female
Anjanette,Danit,8083843221,adaniti4@admin.ch,7/31/2020,15,653,6,Female
Ashton,Secombe,1356466566,asecombei5@engadget.com,11/2/2022,63,654,6,Male
Lynnell,Bartol,5629172405,lbartoli6@geocities.jp,3/4/2020,18,655,2,Female
Boycie,Farfull,5014163397,bfarfulli7@w3.org,3/16/2021,67,656,8,Male
Kaela,Tenpenny,1489336500,ktenpennyi8@ucsd.edu,7/18/2021,71,657,3,Female
Loni,Kupke,2426830702,lkupkei9@usatoday.com,11/9/2020,65,658,4,Female
Bianka,Santore,1881462798,bsantoreia@adobe.com,3/21/2022,50,659,8,Female
Moyna,Shimon,8843381898,mshimonib@blogs.com,9/30/2021,16,660,4,Female
Rosabelle,Kasperski,9483105409,rkasperskiic@msu.edu,10/31/2022,44,661,7,Female
Putnam,Skynner,1913769959,pskynnerid@ow.ly,2/26/2022,60,662,2,Male
Terry,Goulding,5561104474,tgouldingie@ezinearticles.com,7/19/2022,40,663,8,Female
Donovan,Froschauer,2845175139,dfroschauerif@ebay.com,5/11/2021,40,664,4,Male
Mayer,Nelthorpe,7998610874,mnelthorpeig@wufoo.com,2/24/2021,24,665,7,Male
Deloris,Tolemache,2212495553,dtolemacheih@netscape.com,9/10/2020,50,666,5,Female
Brien,Ollett,7401222125,bollettii@mtv.com,9/28/2022,78,667,6,Male
Annabell,Prise,3677310975,apriseij@behance.net,12/9/2022,75,668,8,Female
Meredeth,Bricklebank,6155484320,mbricklebankik@adobe.com,6/2/2022,16,669,10,Male
Shaylynn,Salerno,6348064825,ssalernoil@technorati.com,2/2/2021,19,670,5,Female
Mackenzie,Burchard,8036956907,mburchardim@mit.edu,7/11/2022,51,671,1,Male
Korry,Quickfall,5052880528,kquickfallin@fema.gov,5/12/2020,45,672,7,Female
Terrijo,Stearley,3617278007,tstearleyio@photobucket.com,9/25/2020,42,673,2,Female
Omero,Ladd,7876927359,oladdip@topsy.com,4/3/2020,38,674,10,Male
Nettle,De Ruggero,3912668433,nderuggeroiq@yolasite.com,8/11/2022,16,675,10,Female
Veronica,Setterington,8648892343,vsetteringtonir@webnode.com,2/25/2021,32,676,9,Female
Gibb,Tancock,7406294911,gtancockis@dion.ne.jp,12/12/2022,75,677,6,Male
Madge,Liggons,2627528708,mliggonsit@elegantthemes.com,10/17/2020,65,678,6,Female
Myrtle,Shallcrass,3951804966,mshallcrassiu@mediafire.com,12/26/2020,28,679,7,Female
Yalonda,McFayden,9766565630,ymcfaydeniv@blogspot.com,5/30/2020,70,680,3,Female
Stanley,Schimoni,7356808525,sschimoniiw@list-manage.com,5/2/2022,27,681,6,Male
Oriana,Romme,2109450176,orommeix@va.gov,2/24/2020,14,682,3,Female
Jolee,Stork,3301817818,jstorkiy@t.co,1/13/2022,26,683,8,Female
Davine,MacCulloch,4233926116,dmaccullochiz@google.nl,7/2/2021,39,684,3,Female
Damien,Brundle,9223936796,dbrundlej0@live.com,11/12/2020,53,685,4,Male
Joel,Yashanov,7312828990,jyashanovj1@drupal.org,12/20/2021,20,686,4,Male
Ingrim,Grealish,3413795451,igrealishj2@amazon.co.uk,9/8/2020,55,687,7,Male
Xymenes,Falkinder,1633706519,xfalkinderj3@zdnet.com,8/2/2022,27,688,5,Male
Bealle,Crenage,3941770794,bcrenagej4@live.com,7/7/2020,58,689,4,Male
Ray,Grancher,3421642821,rgrancherj5@dell.com,2/8/2022,55,690,8,Male
Farris,Ferrick,3049943279,fferrickj6@twitter.com,3/28/2022,63,691,3,Male
Jazmin,Carletto,3303549063,jcarlettoj7@flavors.me,6/1/2022,48,692,3,Female
Ingmar,Crooke,5163836973,icrookej8@ucla.edu,11/14/2022,66,693,3,Male
Charles,Larkby,6063538337,clarkbyj9@uol.com.br,12/20/2021,53,694,10,Male
Shurwood,Moen,8356949934,smoenja@hostgator.com,8/4/2020,74,695,6,Male
Elia,Lomond,2308439057,elomondjb@cbc.ca,8/16/2021,60,696,9,Male
Adriane,Danieli,5254733144,adanielijc@abc.net.au,6/11/2022,31,697,1,Female
Mart,Brumen,9254511594,mbrumenjd@vkontakte.ru,12/12/2022,36,698,9,Male
Marline,Layman,8958879841,mlaymanje@oakley.com,5/19/2021,37,699,2,Female
Abbye,Tapenden,1172352859,atapendenjf@com.com,5/26/2020,14,700,1,Female
